{
  "Menu_Andalan": [
    {
      "foto": "https://img.freepik.com/free-photo/delicious-quality-coffee-cup_23-2150691369.jpg",
      "nama": "Cappuccino",
      "harga": "25.000",
      "size": "150 ml",
      "link": "#"
        },
    {
      "foto": "https://i.postimg.cc/J46xJQ9N/087283000-1578721366-shutterstock-507264658.webp",
      "nama": "Matcha",
      "harga": "35.000",
      "size": "160 ml",
      "link": "#"
        }

    ],
  "Teh": [
    {
      "foto": "https://i.ibb.co.com/5nZ3nTx/Menyeduh-teh-untuk-rasa-yang-nikmat.jpg",
      "nama": "Es Teh",
      "harga": "25.500",
      "size": "200 ml",
      "link": "#"
        }
    ],
  "Air Putih": [
    {
      "foto": "https://i.postimg.cc/1XYFgvf4/arti-warna-tutup-botol-air-mineral-2228420223.webp",
      "nama": "Air Mineral",
      "harga": "15.000",
      "size": "150 ml",
      "link": "#"
        }
    ]
}}